{
   "action_manifest_version" : 0,
   "alias_info" : {},
   "app_key" : "application.generated.ue.virtual-reality-bp-game-template-14627614.ue4editor-win64-debuggame.exe",
   "bindings" : {
      "/actions/main" : {
         "haptics" : [
            {
               "output" : "/actions/main/out/vibrateleft",
               "path" : "/user/hand/left/output/haptic"
            },
            {
               "output" : "/actions/main/out/vibrateright",
               "path" : "/user/hand/right/output/haptic"
            }
         ],
         "poses" : [
            {
               "output" : "/actions/main/in/controllerleft",
               "path" : "/user/hand/left/pose/raw",
               "requirement" : "optional"
            },
            {
               "output" : "/actions/main/in/controllerright",
               "path" : "/user/hand/right/pose/raw"
            }
         ],
         "skeleton" : [
            {
               "output" : "/actions/main/in/skeletonleft",
               "path" : "/user/hand/left/input/skeleton/left"
            },
            {
               "output" : "/actions/main/in/skeletonright",
               "path" : "/user/hand/right/input/skeleton/right"
            }
         ],
         "sources" : [
            {
               "inputs" : {
                  "east" : {
                     "output" : "/actions/main/in/teleportleft"
                  },
                  "north" : {
                     "output" : "/actions/main/in/teleportleft"
                  },
                  "south" : {
                     "output" : "/actions/main/in/teleportleft"
                  },
                  "west" : {
                     "output" : "/actions/main/in/TeleportLeft"
                  }
               },
               "mode" : "dpad",
               "parameters" : {
                  "sub_mode" : "touch"
               },
               "path" : "/user/hand/left/input/thumbstick"
            },
            {
               "inputs" : {
                  "east" : {
                     "output" : "/actions/main/in/teleportright"
                  },
                  "north" : {
                     "output" : "/actions/main/in/teleportright"
                  },
                  "south" : {
                     "output" : "/actions/main/in/teleportright"
                  },
                  "west" : {
                     "output" : "/actions/main/in/teleportright"
                  }
               },
               "mode" : "dpad",
               "parameters" : {
                  "sub_mode" : "touch"
               },
               "path" : "/user/hand/right/input/thumbstick"
            },
            {
               "inputs" : {
                  "click" : {
                     "output" : "/actions/main/in/AlternateGripRight"
                  }
               },
               "mode" : "button",
               "path" : "/user/hand/right/input/a"
            },
            {
               "inputs" : {
                  "click" : {
                     "output" : "/actions/main/in/AlternateGripLeft"
                  }
               },
               "mode" : "button",
               "path" : "/user/hand/left/input/a"
            },
            {
               "inputs" : {
                  "click" : {
                     "output" : "/actions/main/in/LaserBeamRight"
                  }
               },
               "mode" : "button",
               "path" : "/user/hand/right/input/b"
            },
            {
               "inputs" : {
                  "click" : {
                     "output" : "/actions/main/in/LaserBeamLeft"
                  }
               },
               "mode" : "button",
               "path" : "/user/hand/left/input/b"
            },
            {
               "inputs" : {
                  "click" : {
                     "output" : "/actions/main/in/UseHeldObjectLeft"
                  }
               },
               "mode" : "trigger",
               "path" : "/user/hand/left/input/trigger"
            },
            {
               "inputs" : {
                  "click" : {
                     "output" : "/actions/main/in/UseHeldObjectRight"
                  }
               },
               "mode" : "trigger",
               "path" : "/user/hand/right/input/trigger"
            },
            {
               "inputs" : {
                  "position" : {
                     "output" : "/actions/main/in/motioncontrollerthumbleft_x,motioncontrollerthumbleft_y x y_axis2d"
                  },
                  "touch" : {
                     "output" : "/actions/main/in/controllermovementleft axis"
                  }
               },
               "mode" : "joystick",
               "parameters" : {
                  "deadzone_pct" : "10"
               },
               "path" : "/user/hand/left/input/thumbstick"
            },
            {
               "inputs" : {
                  "position" : {
                     "output" : "/actions/main/in/MotionControllerThumbRight_X,MotionControllerThumbRight_Y X Y_axis2d"
                  },
                  "touch" : {
                     "output" : "/actions/main/in/controllermovementright axis"
                  }
               },
               "mode" : "joystick",
               "parameters" : {
                  "deadzone_pct" : "10"
               },
               "path" : "/user/hand/right/input/thumbstick"
            },
            {
               "inputs" : {
                  "click" : {
                     "output" : "/actions/main/in/primarygripleft"
                  }
               },
               "mode" : "button",
               "parameters" : {
                  "click_activate_threshold" : "1",
                  "click_deactivate_threshold" : "1"
               },
               "path" : "/user/hand/left/input/grip"
            },
            {
               "inputs" : {
                  "click" : {
                     "output" : "/actions/main/in/primarygripright"
                  }
               },
               "mode" : "button",
               "parameters" : {
                  "click_activate_threshold" : "1",
                  "click_deactivate_threshold" : "1"
               },
               "path" : "/user/hand/right/input/grip"
            }
         ]
      }
   },
   "category" : "steamvr_input",
   "controller_type" : "knuckles",
   "description" : "Virtual Reality BP Game Template-14627614",
   "name" : "Default bindings for ValveIndex",
   "options" : {},
   "simulated_actions" : []
}
